Neely,Stooke,2 Graceland Court,293-843-7473,nstooke0@harvard.edu,38,3,3
Julio,Odell,43 Lighthouse Bay Plaza,287-365-9584,jodell1@craigslist.org,38,3,2
Basilio,Piwell,686 Tony Hill,888-527-0176,bpiwell2@nasa.gov,103,2,2
Lenny,Phan,994 4th Crossing,302-271-8066,lennyphan3@networkadvertising.org,22,2,3
Anjanette,Drummond,7273 Russell Circle,478-110-0230,afydrummond4@sfgate.com,43,2,2
Florenza,Enticknap,78 Goodland Place,399-813-2066,fenticknap5@ca.gov,75,2,2
Massimo,Piegrome,861 Derek Drive,461-783-8988,mpiegrome6@wsj.com,68,3,2
Hodge,Abernethy,5108 Fulton Road,887-674-3862,habernethy7@mit.edu,90,2,2
Phebe,Farnish,7462 Knutson Way,715-177-3634,pfarnish8@pagesperso-orange.fr,137,3,2
Mendel,Ginnell,42071 Sheridan Hill,332-778-4200,mginnell9@reddit.com,133,3,2
Jorey,Dudeney,7964 Norway Maple Crossing,977-631-0299,jdudeneya@illinois.edu,2,2,2
Cesya,Nanelli,78704 Monument Way,882-765-5230,cnanellib@soup.io,60,3,3
Robby,Stanney,86 Tennessee Way,813-881-4668,rstanneyc@usda.gov,39,2,3
Fairfax,Girodias,42 Fremont Parkway,298-506-2257,fgirodiasd@symantec.com,10,2,2
Putnam,Matelaitis,69524 Sugar Hill,924-869-8693,pmatelaitise@virginia.edu,132,2,3
Robbie,Rummins,2 Sutherland Center,100-788-8315,rrumminsf@arstechnica.com,46,3,2
Terrell,Ells,9 Sheridan Street,560-537-3415,tellsg@nationalgeographic.com,112,3,3
Si,Swidenbank,182 Waubesa Road,889-568-8504,sswidenbankh@dailymotion.com,119,2,2
Evania,Mettericke,62 Westridge Court,547-118-0137,emetterickei@bbb.org,117,2,3
Kylila,Flori,5159 Kinsman Point,215-698-8089,kflorij@soundcloud.com,107,2,2
Jarib,Caven,781 Schiller Court,628-650-5905,jcavenk@purevolume.com,50,2,2
Barnabe,Beharrell,75264 Hudson Lane,435-286-8908,bbeharrelll@hao123.com,4,2,2
Oberon,Hemphill,1 Basil Pass,291-324-6082,ohemphillm@omniture.com,134,2,2
Constancy,Bellingham,423 Springview Crossing,935-425-7600,cbellinghamn@mapy.cz,115,2,2
Stephana,McGlade,38 4th Parkway,443-529-8139,smcgladeo@livejournal.com,4,2,2
Hilde,Ivancevic,541 Northport Circle,678-841-9605,hivancevicp@ucoz.ru,74,2,2
Adriane,Wong,326 Elmside Plaza,895-580-8102,ahickeringillq@privacy.gov.au,84,2,2
Rozalie,Colkett,882 Canary Park,754-789-7561,rcolkettr@jugem.jp,58,2,3
Gordy,Marshland,6979 Schurz Court,926-912-2097,gmarshlands@reuters.com,92,3,2
Rand,Flucks,44195 Springs Avenue,697-240-3200,rfluckst@columbia.edu,31,2,2
Gan,Bunnell,0057 Springview Circle,454-668-4667,gbunnellu@google.cn,116,2,2
Layton,Mulhall,3 5th Road,690-773-1550,lmulhallv@dell.com,25,3,2
Wallace,Geraudel,65 Claremont Hill,214-479-4234,wgeraudelw@harvard.edu,120,2,2
Maddie,Dare,30979 Hollow Ridge Terrace,770-277-3819,mdarex@tuttocitta.it,40,2,2
Malorie,Wethered,13928 Del Mar Place,570-732-1929,mwetheredy@bing.com,99,2,3
Kelli,Vanes,83 Hallows Parkway,521-659-6948,kvanesz@furl.net,83,3,2
Dalis,Pavlishchev,9 Meadow Ridge Pass,744-516-6968,dpavlishchev10@cpanel.net,116,3,2
Kile,Fines,91214 Sunbrook Hill,231-314-0955,kfines11@who.int,43,2,2
Danita,Pear,0892 Doe Crossing Point,482-466-7392,dpear12@army.mil,139,3,2
Agnola,Bryde,406 New Castle Street,691-570-0180,abryde13@dmoz.org,20,2,2
Janenna,Ceillier,2203 Calypso Terrace,840-857-8970,jceillier14@shop-pro.jp,66,3,2
Nelly,Shovelbottom,55 Melby Street,918-348-8268,nshovelbottom15@columbia.edu,61,2,2
Giff,Gillebride,1655 Crescent Oaks Avenue,472-781-8504,ggillebride16@seesaa.net,41,3,2
Isahella,Breeton,54 Johnson Point,667-715-1050,ibreeton17@dedecms.com,41,3,2
Phoebe,Lundon,98 Loftsgordon Way,495-236-3267,plundon18@purevolume.com,131,3,2
Stewart,Headrick,916 Old Shore Road,502-430-2499,sheadrick19@seattletimes.com,85,2,2
Reider,Laden,2 Gina Parkway,963-516-9221,rladen1a@soundcloud.com,44,2,2
Charline,Densie,754 Boyd Pass,585-117-5080,cdensie1b@ucoz.com,7,2,3
Ros,Arnault,552 Longview Avenue,719-892-4030,rarnault1c@icio.us,89,2,3
Chip,Hendrickson,2893 Armistice Drive,972-674-8689,chendrickson1d@seattletimes.com,27,3,2
Elora,Castagnet,8892 Scott Park,885-794-8551,ecastagnet1e@ovh.net,11,2,3
Giacomo,Spring,73801 Algoma Parkway,407-152-0816,gspring1f@noaa.gov,69,2,2
Dorri,Juckes,45 Del Sol Lane,346-569-1811,djuckes1g@ebay.com,112,2,3
Gusta,Gonzales,8 Sachs Park,173-855-4834,gwhalebelly1h@google.fr,25,2,2
Leonie,Hedgecock,2 Tennyson Circle,365-764-5550,lhedgecock1i@yahoo.co.jp,32,3,2
Mandy,Simms,33 American Crossing,322-712-0883,msimms1j@nasa.gov,52,2,2
Bevin,Calleja,41 Ilene Terrace,559-614-8129,bcalleja1k@mapquest.com,25,2,3
Lissy,Tregiddo,781 Everett Parkway,957-295-6735,ltregiddo1l@usa.gov,42,2,2
Nanny,Muck,866 Burrows Terrace,534-437-4732,nmuck1m@livejournal.com,113,3,2
Gillan,Philipp,629 Westend Road,755-883-1221,gphilipp1n@dion.ne.jp,130,3,2
Donia,McOnie,127 Utah Plaza,294-189-7419,dmconie1o@yolasite.com,105,2,3
Pembroke,Bonifacio,91161 Mccormick Terrace,249-674-6454,pbonifacio1p@bloglines.com,10,2,3
Eadmund,Marston,23 Jana Point,894-991-7253,emarston1q@jigsy.com,60,2,2
Shauna,Wisker,9358 Dottie Street,266-151-3275,swisker1r@addtoany.com,132,3,2
Bianka,Cattrall,467 Village Green Parkway,587-693-9770,bcattrall1s@discovery.com,9,2,2
Georgianna,Meech,9024 Maple Road,598-166-5641,gmeech1t@theguardian.com,51,2,2
Salomi,Skidmore,2 Clyde Gallagher Terrace,113-655-2211,sskidmore1u@tripod.com,23,2,2
Corey,Jagson,18 Dawn Avenue,753-287-9517,cjagson1v@paypal.com,83,3,3
Estell,Schwieso,3102 Boyd Avenue,828-798-2822,eschwieso1w@bandcamp.com,82,2,2
Leighton,Aves,02 Mallory Lane,178-582-3951,laves1x@washingtonpost.com,43,2,2
Adi,Hillin,736 Randy Drive,469-660-4214,ahillin1y@live.com,115,2,3
Kendrick,Anderson,702 Goodland Park,790-432-4511,kanderson1z@toplist.cz,10,3,2
Tedd,Swanton,7432 Moland Way,330-376-0630,tswanton20@imdb.com,51,2,2
Felita,Neasham,754 Oneill Crossing,749-300-1956,fneasham21@yale.edu,8,3,3
Jerrome,Conkling,621 Loftsgordon Crossing,310-806-3626,jconkling22@senate.gov,126,2,3
Filia,Tomaszewicz,8 Autumn Leaf Point,853-794-8754,ftomaszewicz23@artisteer.com,87,3,3
Moyra,McGirr,130 Bowman Junction,874-195-8056,mmcgirr24@ebay.com,70,2,3
Gaylor,Mosconi,9 Fair Oaks Way,195-848-4349,gmosconi25@google.nl,96,3,2
Bobby,Werny,7815 Mandrake Place,525-826-9817,bwerny26@comcast.net,30,3,2
Currie,Sewards,7 Kensington Drive,118-163-5329,csewards27@reverbnation.com,82,2,3
Dionis,MacCrossan,35150 Huxley Terrace,668-152-6856,dmaccrossan28@webnode.com,78,2,3
Alikee,Borrel,9 Montana Court,151-413-3090,aborrel29@dailymotion.com,123,3,2
Ailee,Moucheux,7 Oakridge Drive,702-937-5618,alemoucheux2a@prnewswire.com,65,2,2
Silvana,Sommerled,2 High Crossing Alley,618-368-8392,ssommerled2b@bizjournals.com,54,2,3
Arlinda,Mydersworth,7420 Blackbird Drive,913-645-6388,amyderscough2c@gmpg.org,110,2,3
Lindsey,Timony,3 Toban Alley,134-829-8874,lotimony2d@exblog.jp,137,3,3
Billy,Congreve,63568 Bowman Park,393-334-9677,bcongreve2e@acquirethisname.com,95,2,2
Linnea,Courteney,3021 Dakota Circle,642-133-9178,lcourteney2f@state.gov,62,2,2
Carolyne,Glusby,4 Hayes Point,551-747-6473,cglusby2g@bloglovin.com,106,3,2
Victor,Peres,9 Hansons Terrace,467-856-6587,vperes2h@businessinsider.com,46,2,2
Bev,Bartaloni,34 Twin Pines Lane,142-788-0257,bbartaloni2i@pinterest.com,89,3,2
Woody,Core,63 Holy Cross Junction,473-697-4144,wcore2j@mapy.cz,83,2,3
Bobbye,Raubenheim,77090 Calypso Crossing,161-410-9462,braubenheim2k@de.vu,26,2,2
Brannon,Eadmeades,392 Dovetail Park,423-689-5828,beadmeades2l@msn.com,57,2,3
Ceil,Wasson,0 Thackeray Pass,573-851-8071,cwasson2m@biglobe.ne.jp,64,2,2
Herbie,Mordan,9 Talisman Parkway,551-317-2112,hmordan2n@dailymail.co.uk,40,3,2
Rickie,Baudts,036 Swallow Drive,181-357-2895,rbaudts2o@prnewswire.com,87,2,2
Elmore,Gamett,4433 Saint Paul Trail,520-112-5486,egamett2p@bravesites.com,9,2,3
Scott,Bootland,9 Transport Court,325-617-7346,sbootland2q@cnbc.com,99,2,2
Sabina,McKee,292 Glacier Hill Crossing,483-541-1148,smckee2r@usnews.com,130,2,2
Rhianon,Upjohn,80 Londonderry Alley,104-531-6296,rupjohn2s@state.tx.us,96,2,2
Jereme,Rilton,49145 Dryden Circle,542-702-3303,jrilton2t@nationalgeographic.com,39,2,3
Jackquelin,Astlatt,4617 Thompson Plaza,329-177-3484,jastlatt2u@goo.ne.jp,38,2,2
Kinna,Biskup,4020 Merry Center,699-662-7786,kbiskup2v@hostgator.com,30,3,2
Aila,Lubeck,97 Sycamore Park,506-735-4583,alubeck2w@clickbank.net,124,2,3
Drucie,Crenshaw,82 Springs Circle,971-751-0744,dcrenshaw2x@guardian.co.uk,50,2,3
Zacharias,Dorian,9 Rieder Plaza,212-142-8654,zdorian2y@oaic.gov.au,99,3,2
Paulita,Rozet,2645 Arrowood Terrace,538-227-7614,prozet2z@seesaa.net,73,2,2
Jessie,Gomersall,82 Northfield Center,339-152-4247,jgomersall30@devhub.com,112,3,2
Prentiss,Spitell,56357 Hagan Crossing,540-977-0663,pspitell31@un.org,44,2,2
Minna,Tremlett,99 Rigney Junction,646-575-3019,mtremlett32@oaic.gov.au,23,2,2
Leif,Raw,07327 Nelson Hill,990-659-8392,lraw33@pen.io,120,2,3
Colly,Monksfield,74416 Hansons Road,359-449-3594,cmonksfield34@twitpic.com,28,2,2
Marielle,Rozenbaum,1032 Clyde Gallagher Point,922-892-4221,mrozenbaum35@mayoclinic.com,107,3,3
Bran,McCritichie,56 Forster Drive,983-576-0876,bmccritichie36@hc360.com,115,3,2
Nelli,Beebe,085 Buell Street,849-306-7946,nbeebe37@apple.com,90,2,2
Tonye,Kibbel,770 Briar Crest Hill,670-812-2464,tkibbel38@homestead.com,113,2,3
Esme,Marxsen,25 Manley Way,267-611-3212,emarxsen39@comcast.net,125,2,3
Aksel,McGuire,9867 Montana Plaza,704-785-0272,amcguire3a@google.nl,66,2,2
Stillman,Chaster,3620 Hoepker Parkway,147-305-7305,schaster3b@webmd.com,80,2,3
Emera,Hewertson,457 School Plaza,267-194-2185,ehewertson3c@sbwire.com,64,2,2
Jonie,Kaplin,1330 Lake View Terrace,836-994-6954,jkaplin3d@lulu.com,74,2,2
Staffard,Caplen,23 Vernon Center,488-583-0440,scaplen3e@oaic.gov.au,26,2,3
Raine,Whetnall,16860 Kedzie Center,226-967-2811,rwhetnall3f@hugedomains.com,126,2,3
Kirbee,Stannas,881 Hagan Street,563-606-6311,kstannas3g@de.vu,12,3,2
Isidoro,Coverly,63 Eagan Plaza,367-971-9277,icoverly3h@hhs.gov,79,2,2
Blake,Garlette,7 Calypso Trail,662-314-1177,bgarlette3i@ow.ly,18,2,2
Demetra,Axtell,10568 Cody Pass,112-129-9367,daxtell3j@yellowbook.com,20,2,2
Kissiah,Korneichuk,06 Melvin Avenue,368-492-2752,kkorneichuk3k@wp.com,137,2,2
Kile,Lefebre,1673 Blackbird Center,785-777-6094,klefebre3l@cnbc.com,114,3,2
Raquel,McGillivray,5 Homewood Point,366-842-4046,rmcgillivray3m@qq.com,3,2,3
Jereme,Skillern,9511 Onsgard Pass,904-870-4185,jskillern3n@e-recht24.de,24,3,2
Briggette,Zollo,3 Mayer Center,130-795-3483,bzollo3o@sitemeter.com,83,2,3
Bobby,Sallows,75 Cottonwood Place,272-501-1038,bsallows3p@meetup.com,61,2,2
Susi,Timlett,85 Sullivan Avenue,950-187-5268,stimlett3q@myspace.com,91,2,2
Rossie,Bullin,816 Killdeer Parkway,574-898-2171,rbullin3r@themeforest.net,24,3,2
Devi,Gilburt,4387 Blackbird Trail,804-155-8419,dgilburt3s@weather.com,105,2,3
Arvie,Ragge,2 Center Point,448-558-1588,aragge3t@facebook.com,109,2,2
Devin,Gladdor,72820 Arizona Point,413-793-5982,dgladdor3u@gmpg.org,56,3,3
Morie,Megahey,96771 Golf View Place,365-518-9660,mmegahey3v@imgur.com,5,3,2
Gussie,Alenin,342 Washington Plaza,381-197-2661,galenin3w@liveinternet.ru,92,3,2
Roxy,Doick,47663 David Center,683-996-0291,rdoick3x@wordpress.com,3,2,2
Ernie,Klinck,27310 Banding Circle,623-765-4804,eklinck3y@themeforest.net,120,2,3
Delphine,Loxton,3 Reinke Hill,116-954-8534,dloxton3z@deviantart.com,123,3,2
Bee,Liddington,85 Towne Park,580-531-0183,bliddington40@ycombinator.com,137,2,2
Virgil,Ismirnioglou,614 Manley Street,877-657-0581,vismirnioglou41@senate.gov,16,2,2
Dunc,Padgett,61 Maple Drive,748-999-9391,dpadgett42@php.net,135,3,3
Tilda,Scothron,0837 Village Green Point,135-192-4105,tscothron43@mediafire.com,124,2,2
Nicko,Kissick,171 High Crossing Park,627-164-8569,nkissick44@tinypic.com,35,3,2
Marjory,Scales,9 Walton Drive,695-988-9802,mscales45@xinhuanet.com,105,2,2
Dermot,Say,648 7th Crossing,637-302-6728,dsay46@hostgator.com,45,2,2
Munroe,Winchurst,5 Green Way,580-795-5024,mwinchurst47@addthis.com,6,2,2
Filippa,MacShirie,320 Hauk Court,616-243-1200,fmacshirie48@pinterest.com,52,2,3
Stacy,Meek,88 Grover Park,146-704-9669,smeek49@sohu.com,15,3,3
Edik,Rubenczyk,0 Karstens Center,705-813-9885,erubenczyk4a@gmpg.org,116,3,3
Sayre,Baddam,093 Dunning Plaza,704-427-7011,sbaddam4b@topsy.com,108,3,2
Petr,Brickhill,6259 Coolidge Street,705-350-8700,pbrickhill4c@creativecommons.org,6,3,2
Moyna,Hollerin,28 Commercial Place,877-581-2341,mhollerin4d@craigslist.org,45,2,3
Cecelia,Gascoyen,57676 Logan Plaza,622-450-4837,cgascoyen4e@jugem.jp,119,2,2
Alessandro,Devon,3 Amoth Lane,857-861-5772,adevon4f@nyu.edu,67,2,2
Rubia,Towns,5 Monterey Alley,759-849-5114,rtowns4g@so-net.ne.jp,109,2,2
Rica,Sleight,08759 Burrows Trail,704-616-6593,rsleight4h@cnbc.com,64,2,2
Janelle,Quarrington,2145 David Point,240-768-1966,jquarrington4i@miibeian.gov.cn,125,2,2
Bernard,Cabane,7292 Lawn Crossing,121-668-8835,bcabane4j@plala.or.jp,21,2,2
Dewey,Eglise,5039 Steensland Circle,418-580-4129,ddelaeglise4k@wikispaces.com,100,3,2
Cyndy,Bourtoumieux,270 Granby Terrace,172-562-5499,cbourtoumieux4l@infoseek.co.jp,132,2,3
Yoshi,Siddeley,409 Bunker Hill Way,257-173-2391,ysiddeley4m@weibo.com,80,2,2
Clerkclaude,De-Ville,3132 Shoshone Avenue,662-459-3550,cdeville4n@businessweek.com,78,2,2
Goddart,Pellman,00032 Bayside Place,603-415-9697,gpellman4o@miitbeian.gov.cn,139,2,3
Ketti,Oolahan,159 Southridge Alley,590-106-6637,koolahan4p@dmoz.org,2,3,2
Devin,Heinig,98681 Nancy Crossing,681-218-6791,dheinig4q@lycos.com,95,2,2
Creighton,Mechell,6857 East Avenue,715-141-5697,cmechell4r@free.fr,26,2,2
Sigfrid,Alfonsetti,03 Menomonie Junction,545-501-9466,salfonsetti4s@domainmarket.com,31,3,2
Gilli,Lidgerton,29 Brentwood Road,692-660-5162,glidgerton4t@last.fm,70,2,2
Ivor,Izkovici,224 8th Circle,656-909-0843,iizkovici4u@wikipedia.org,81,3,2
Catina,Brigg,6086 Manufacturers Center,403-930-6552,cbrigg4v@mac.com,51,2,3
Rory,Melloi,70 Union Drive,708-239-3621,rmelloi4w@amazon.com,117,3,2
Brit,Rabat,0 Lake View Avenue,463-505-5279,brabat4x@cargocollective.com,42,3,2
Agnesse,McCritichie,34320 Golden Leaf Avenue,685-525-2274,amccritichie4y@newsvine.com,118,2,2
Rosanne,Biggans,7007 Ridgeway Pass,524-465-3173,rbiggans4z@delicious.com,45,2,2
Briny,Golightly,73258 Northfield Point,858-417-3382,bgolightly50@shinystat.com,71,2,2
Yasmin,Harcase,556 Dayton Street,340-993-0771,yharcase51@zdnet.com,24,2,2
Oby,Kuban,24343 Elka Lane,219-755-8461,okuban52@ebay.co.uk,2,2,2
Garland,Hague,62001 Lawn Road,866-642-5167,ghague53@scribd.com,83,3,3
Charil,Thumim,9 Eagan Place,485-350-6677,cthumim54@amazon.com,25,2,2
Gypsy,Romero,1 Chive Plaza,841-992-5831,gromero55@washington.edu,123,2,3
Galvan,Hubach,929 Prentice Street,578-460-8666,ghubach56@infoseek.co.jp,70,3,2
Xenos,Croy,102 Ruskin Trail,861-609-6277,xcroy57@accuweather.com,139,3,3
Fields,Lehon,226 Memorial Street,984-932-0910,flehon58@nydailynews.com,27,2,2
Electra,Keymar,033 Ilene Pass,755-802-6010,ekeymar59@rediff.com,73,2,2
Barris,Stealfox,31 Reinke Parkway,753-305-1376,bstealfox5a@oaic.gov.au,2,2,2
Daryl,Oliveras,24 Moose Court,157-488-6042,doliveras5b@lulu.com,4,2,2
Rosabelle,Miquelet,65374 Northridge Circle,477-785-3090,rmiquelet5c@bloomberg.com,133,2,2
Gage,Torritti,01281 Columbus Court,645-129-9902,gtorritti5d@reuters.com,30,2,3
Cymbre,Brettelle,3182 Hudson Avenue,692-574-6393,cbrettelle5e@google.com.br,125,2,3
Katine,Longstaffe,93 Knutson Plaza,926-299-9213,klongstaffe5f@theglobeandmail.com,111,2,2
Kaile,Hacquoil,908 Huxley Pass,346-150-4061,khacquoil5g@wisc.edu,117,2,2
Amelie,Ornells,382 Eliot Place,413-509-2490,aornells5h@infoseek.co.jp,23,2,2
Britte,Lakes,9715 Kedzie Street,860-703-8690,blakes5i@hibu.com,119,3,2
Jillana,Lowcock,9754 Del Sol Junction,295-612-0006,jlowcock5j@icq.com1,77,2,2
