Carlye,Bulward,3 Kipling Way,cbulward0@cisco.com,631-274-7442,Quality Control Specialist,2016-01-28,18,1
Binnie,Murr,268 Blue Bill Park Way,bmurr1@slate.com,381-953-5121,Information Systems Manager,2019-04-18,17,4
Nina,Stittle,9 Kim Crossing,nstittle2@indiegogo.com,585-379-3890,Marketing Assistant,2018-06-14,10,1
Chevalier,Copin,040 Warbler Plaza,ccopin4@mozilla.org,846-345-7178,Data Coordiator,2019-11-20,18,2
Rich,Wilcockes,55 Gulseth Point,rwilcockes5@nature.com,944-160-8101,Marketing Manager,2017-02-24,17,4
Marvin,Rogeon,27847 Porter Crossing,mrogeon6@bizjournals.com,427-122-3596,Tax Accountant,2018-12-08,15,1
Sigismund,Lawlance,1989 Burning Wood Crossing,slawlance7@aol.com,480-881-2306,Structural Engineer,2019-07-26,4,4
Saw,Pleavin,9788 Dahle Center,spleavin8@timesonline.co.uk,225-524-6719,General Manager,2016-03-18,6,3
Neil,Telezhkin,5094 Dunning Center,ntelezhkina@scientificamerican.com,513-371-4782,Chief Financial Director,2017-09-06,9,2
Lela,Downing,688 Kings Drive,ldowningb@blog.com,733-816-2780,Chief Design Engineer,2016-01-21,6,3
Shep,Demogeot,7285 Orin Parkway,sdemogeotc@icio.us,584-773-6064,Actuary,2017-10-09,8,1
Everett,Lee,887 Sage Park,elee@oracle.com,680-420-2595,Account Coordinator,2017-12-30,5,2
Ruttger,McCraine,47884 Northport Point,rmccrainee@storify.com,761-475-8512,Programmer III,2019-02-22,4,2
Delphine,Andreia,6322 Daystar Road,dandreiaf@lulu.com,455-529-0373,Software Consultant,2016-07-12,1,2
Edan,Bonefant,62 Johnson Parkway,ebonefantg@digg.com,180-558-8348,Mechanical Technician,2019-02-22,14,1
Carey,Burnsyde,83 Porter Terrace,cburnsydeh@msn.com,735-805-2414,Sales Representative,2016-12-14,4,4
Frances,Sayward,1744 Beilfuss Court,fsaywardi@bloglines.com,234-591-1689,Graphic Designer,2016-06-22,1,3
Lianna,Amner,05911 Oak Valley Place,lamnerj@fema.gov,885-318-4282,Help Desk Operator,2018-07-23,17,3
Lissie,Bebbell,08 Cambridge Point,lbebbellk@sfgate.com,969-194-0805,VP Marketing,2017-01-18,18,3
Jereme,Brettor,2517 Eagle Crest Lane,jbrettorl@freewebs.com,723-545-2277,Quality Engineer,2017-05-14,15,1
Judas,Hyne,2 Sycamore Center,jhynem@auda.org.au,507-608-7231,Environmental Tech,2018-07-19,11,2
Ulrick,Gabey,60 Goodland Way,ugabeyn@umich.edu,982-202-6242,Computer Systems Analyst IV,2016-02-15,8,2
Mile,Moret,52636 Service Trail,mmoreto@upenn.edu,460-180-1838,Budget/Accounting Analyst II,2017-01-13,9,1
Giulietta,Kaliber,06 Blue Bill Park Street,gkaliber@cnbc.com,845-816-2176,Software Test Engineer IV,2019-09-13,8,4
Anne,Phan,28843 Sage Alley,amaphan@dell.com,240-702-2660,Occupational Therapist,2017-09-07,13,1
Patricio,Bisson,6 Spenser Junction,pbissonr@nydailynews.com,974-996-2775,Senior Developer,2018-07-10,7,3
Danika,Trower,43 Linden Junction,dtrowers@zimbio.com,972-251-3662,Financial Advisor,2018-02-12,8,4
Dorthea,Joyner,5036 Westport Center,djoynert@phpbb.com,700-108-3224,Operator,2018-10-03,12,2
Tanney,Calway,333 Jackson Park,tcalwayu@salon.com,347-163-9932,Systems Administrator I,2018-01-18,3,2
Johnna,Glanvill,45866 Elgar Street,jglanvillv@w3.org,389-454-9980,Quality Engineer,2016-03-22,7,4
Powell,Loble,02760 Forest Parkway,ploblew@sakura.ne.jp,568-940-9440,VP Marketing,2016-04-23,8,1
Britta,Burges,033 Londonderry Alley,bburgesx@lulu.com,799-530-9817,Technical Writer,2019-08-10,17,2
Tessa,Climie,6 Northview Center,tclimiey@unesco.org,453-557-8518,Senior Developer,2016-05-12,9,4
Dov,Brackstone,14 Summerview Avenue,dbrackstonez@bing.com,817-472-4620,General Manager,2018-06-13,7,3
Martainn,McLaggan,29 Brentwood Park,mmclaggan10@sohu.com,295-902-5001,Sales Associate,2018-12-28,17,4
Orson,Winkless,296 Independence Alley,owinkless11@cdbaby.com,706-191-7546,Human Resources Manager,2019-07-17,13,2
Raychel,Petti,322 Kings Road,rpetti14@usa.gov,237-227-4132,Automation Specialist IV,2019-01-22,2,2
Burgess,Chadburn,57 Maryland Plaza,bchadburn15@scientificamerican.com,933-594-9913,Programmer Analyst II,2018-01-29,11,4
Zaneta,Lathwell,1690 Bay Terrace,zlathwell16@cbslocal.com,407-631-8315,Civil Engineer,2018-02-23,10,1
Mel,Ledgley,1 Lerdahl Trail,mledgley17@npr.org,234-184-8263,Assistant Media Planner,2019-10-13,7,4
Ddene,Sercombe,90295 Vahlen Lane,dsercombe18@virginia.edu,912-957-9598,Design Engineer,2016-06-14,16,1
Ermengarde,Borthwick,00 Twin Pines Court,eborthwick19@bizjournals.com,236-601-2518,Chief Design Engineer,2017-06-03,12,1
Liva,Mitchenson,5 Straubel Court,lmitchenson1a@ted.com,800-154-9848,Chief Design Engineer,2018-05-26,4,3
Brett,Ternouth,8 Ridgeway Street,bternouth1c@ca.gov,467-526-5688,Tax Accountant,2017-09-25,7,3
Bondie,Casillas,973 7th Lane,bcasillas1d@google.it,785-589-9439,Electrical Engineer,2016-07-06,12,2
Omar,Trebble,2159 Springview Circle,otrebble1e@ameblo.jp,754-343-6456,Quality Engineer,2016-02-21,6,3
Mabelle,Edison,2183 Tony Point,medison1f@artisteer.com,270-317-6792,Account Coordinator,2016-04-30,17,3
Penelopa,Coom,76150 Rigney Park,pcoom1g@imdb.com,569-679-2632,Operator,2019-01-20,10,1
Jenny,Eastgate,80155 Ruskin Road,jeastgate1h@ocn.ne.jp,750-393-6273,Junior Executive,2019-01-14,5,2
Bil,Evangelinos,87671 Steensland Trail,bevangelinos1i@seesaa.net,350-102-2522,Administrative Officer,2018-03-12,9,4
Leonhard,Coupland,7015 Annamark Park,lcoupland1j@wikipedia.org,604-817-6170,Analyst Programmer,2016-06-28,4,1
Dill,Sircomb,35 Kenwood Park,dsircomb1k@auda.org.au,632-834-9018,Research Assistant IV,2016-10-10,10,1
Wenda,Boughton,24582 Jana Pass,wboughton1m@google.co.uk,225-408-6918,VP Sales,2019-01-20,5,3
Gertrude,Fawdry,9920 Bay Pass,gfawdry1n@dropbox.com,218-613-9035,Help Desk Operator,2018-06-29,17,1
Deanna,Doneld,844 Bayside Junction,ddoneld1o@nytimes.com,310-712-7190,Statistician IV,2019-09-04,8,1
Sylas,Jay,4 Brickson Park Court,sjay1p@google.com.br,811-913-9493,Software Test Engineer II,2017-05-14,5,1
Ferdinanda,Shalloe,05366 Ruskin Trail,fshalloe1q@nationalgeographic.com,916-498-7766,Automation Specialist IV,2016-05-26,12,3
Nikolas,Trussell,2 Spohn Lane,ntrussell1r@princeton.edu,813-535-6960,Administrative Officer,2016-05-02,14,2
Petronille,Dannehl,338 Haas Court,pdannehl1s@thetimes.co.uk,648-998-9032,Graphic Designer,2018-10-29,6,1
Augustina,Cockett,10 Lunder Street,acockett1t@nature.com,100-799-2363,Senior Financial Analyst,2016-11-11,7,1
Jeno,Clousley,98 Golf View Trail,jclousley1u@wikispaces.com,145-804-4651,VP Marketing,2017-03-05,9,3
Shauna,Sarvar,65754 Maple Wood Avenue,ssarvar1v@ft.com,998-306-7971,Technical Writer,2018-06-10,12,3
Lauryn,Kenelin,558 Katie Drive,lkenelin1w@prweb.com,464-252-0223,Legal Assistant,2016-10-06,14,2
Margit,Smickle,633 Barnett Way,msmickle1x@etsy.com,457-203-0420,Payment Adjustment Coordinator,2016-07-31,7,3
Pat,Citrine,65466 Marquette Crossing,pcitrine1y@networkadvertising.org,395-807-7813,Automation Specialist II,2017-06-14,4,1
Ernest,Leckie,209 Mosinee Plaza,eleckie20@nyu.edu,979-295-0304,Research Associate,2016-04-01,17,2
Letta,Rodriguiz,638 Pine View Park,lrodriguiz21@surveymonkey.com,977-364-9439,Quality Control Specialist,2018-10-30,8,2
Florida,Langhorne,74802 Elgar Alley,flanghorne22@eventbrite.com,281-177-3824,Database Administrator III,2019-08-31,11,1
Cullen,Gowler,509 Banding Street,cgowler24@economist.com,347-352-9524,Internal Auditor,2016-02-10,9,2
Brigg,Drains,91 Lukken Lane,bdrains25@telegraph.co.uk,474-829-8045,Senior Quality Engineer,2018-09-30,14,4
Hermia,Beahan,59 Chive Plaza,hbeahan26@bluehost.com,841-232-9887,Computer Systems Analyst I,2016-10-01,15,1
Troy,Symondson,7254 Talisman Plaza,tsymondson27@jiathis.com,618-923-7752,Senior Financial Analyst,2016-05-25,7,2
Judith,Shalloe,1365 Delladonna Center,jshalloe28@auda.org.au,296-900-2101,VP Quality Control,2019-03-03,13,4
Gelya,Gilliatt,23 3rd Road,ggilliatt29@indiegogo.com,309-109-3210,Data Coordiator,2019-01-13,9,4
Norrie,Leworthy,84 Eastwood Lane,nleworthy2a@fastcompany.com,551-996-0623,Information Coordinator,2016-02-15,14,3
Lissy,Atlee,57 American Ash Pass,latlee2b@nifty.com,183-884-8948,Data Coordiator,2017-09-19,9,1
Lind,Tillyer,773 Mccormick Way,ltillyer2c@telegraph.co.uk,816-328-3116,Help Desk Operator,2019-08-12,13,3
Konstantine,Beacock,8711 Bonner Terrace,kbeacock2d@weebly.com,451-106-3297,Senior Sales Associate,2018-05-13,17,3
Brande,Eadmead,8730 Kinsman Plaza,beadmead2e@uol.com.br,204-154-4318,Computer Systems Analyst III,2016-10-21,3,1
Booth,Cullin,48315 Summer Ridge Lane,bcullin2f@mashable.com,773-271-2064,Physical Therapy Assistant,2016-03-04,16,1
Amberly,Binton,10529 Carioca Trail,abinton2g@army.mil,151-293-1636,Project Manager,2019-05-19,3,3
Maridel,Wong,45589 Cambridge Road,mowong2h@bravesites.com,901-448-2211,Teacher,2017-12-30,17,3
Benedetto,Atkins,95 Warrior Park,batkins2i@arizona.edu,176-937-1468,Technical Writer,2016-01-24,17,3
Grantham,Beckham,2 Birchwood Drive,gbeckham2k@disqus.com,416-536-7685,Staff Accountant II,2017-05-04,9,3
Kakalina,Royans,63 Lotheville Avenue,kroyans2l@home.pl,880-306-8648,Sales Associate,2019-11-17,9,3
Calli,Lyhane,3975 Golf View Drive,colyhane2m@intel.com,467-832-4629,GIS Technical Architect,2016-01-17,18,1
Fernanda,Cummungs,30032 High Crossing Avenue,fcummungs2n@com.com,209-499-1173,Internal Auditor,2017-11-25,4,4
Gwenni,Matovic,0 Thompson Street,gmatovic2o@homestead.com,626-741-2733,Quality Control Manager,2017-09-30,5,4
Aurelia,Meah,30 Thierer Park,ameah2p@cdc.gov,113-340-7261,Structural Analysis Engineer,2018-03-22,13,2
Myrtle,Wellbank,68317 Utah Terrace,mwellbank2q@bigcartel.com,517-221-5495,Analog Circuit Design Manager,2016-02-23,9,1
Kristos,Jirak,64 Buell Place,kjirak2r@phoca.cz,172-936-5832,Actuary,2018-05-03,15,2
Elwyn,Ovendon,09 Golf View Park,eovendon2s@unc.edu,458-605-6841,Staff Accountant III,2016-04-30,14,3
Lee,Daughtrey,7064 Schlimgen Road,ldaughtrey2u@sina.com.cn,461-833-7401,Sales Associate,2018-11-28,1,1
Ruthanne,Vail,9918 Morning Pass,rvail2v@reuters.com,781-570-7522,Editor,2018-12-14,18,4
Almeda,Keese,6 Schurz Terrace,akeese2w@tripadvisor.com,876-239-0997,Senior Quality Engineer,2019-08-10,6,1
Emyle,Clewlowe,452 Eastwood Crossing,eclewlowe2x@theglobeandmail.com,522-153-6586,Legal Assistant,2017-08-23,12,3
Elinore,Somerlie,569 Cody Terrace,esomerlie2y@paypal.com,789-956-4162,Developer IV,2017-09-11,14,3
Noelani,Creggan,83 Stang Way,ncreggan2z@freewebs.com,473-682-6977,Administrative Officer,2019-06-20,3,2
Andromache,Lumbly,44 Moose Center,alumbly30@sbwire.com,253-288-0230,Structural Analysis Engineer,2018-12-07,15,4
Ruthi,Breslauer,492 Veith Alley,rbreslauer31@usnews.com,537-535-0173,Sales Associate,2018-02-16,13,2
